NEWG,NEWA,NEWPIM,NEWPLUSMINUS,NEWSOG,NEWBLK,NEWHIT,NEWFOW
1.0341173054587687,1.0456228222996515,0.6108891699927304,1.350890546037647,1.0197502290491527,1.0809700198943302,1.0144575975082255,0.9737033076562093
